"0","knitr::opts_chunk$set(echo = TRUE)"
"0",""
"0","library(tidyverse)"
"0","library(magrittr)"
"0","library(tidymodels)"
"2","Warning: package â€˜tidymodelsâ€™ was built under R version 4.2.3"
"2","[30mâ”€â”€ [1mAttaching packages[22m â”€â”€â”€â”€â”€â”€â”€â”€â”€â”€â”€â”€â”€â”€â”€â”€â”€â”€â”€â”€â”€â”€â”€â”€â”€â”€â”€â”€â”€â”€â”€â”€â”€â”€â”€â”€â”€â”€â”€â”€â”€â”€â”€â”€â”€â”€â”€â”€â”€â”€â”€â”€â”€â”€ tidymodels 1.0.0 â”€â”€[39m
"
"2","[30m[32mâœ”[30m [34mbroom       [30m 1.0.3     [32mâœ”[30m [34mrsample     [30m 1.1.1
[32mâœ”[30m [34mdials       [30m 1.1.0     [32mâœ”[30m [34mtune        [30m 1.0.1
[32mâœ”[30m [34minfer       [30m 1.0.4     [32mâœ”[30m [34mworkflows   [30m 1.1.3
[32mâœ”[30m [34mmodeldata   [30m 1.1.0     [32mâœ”[30m [34mworkflowsets[30m 1.0.0
[32mâœ”[30m [34mparsnip     [30m 1.0.4     [32mâœ”[30m [34myardstick   [30m 1.1.0
[32mâœ”[30m [34mrecipes     [30m 1.0.5     [39m
"
"2","Warning: package â€˜dialsâ€™ was built under R version 4.2.3"
"2","Warning: package â€˜inferâ€™ was built under R version 4.2.3"
"2","Warning: package â€˜modeldataâ€™ was built under R version 4.2.3"
"2","Warning: package â€˜parsnipâ€™ was built under R version 4.2.3"
"2","Warning: package â€˜recipesâ€™ was built under R version 4.2.3"
"2","Warning: package â€˜rsampleâ€™ was built under R version 4.2.3"
"2","Warning: package â€˜tuneâ€™ was built under R version 4.2.3"
"2","Warning: package â€˜workflowsâ€™ was built under R version 4.2.3"
"2","Warning: package â€˜workflowsetsâ€™ was built under R version 4.2.3"
"2","Warning: package â€˜yardstickâ€™ was built under R version 4.2.3"
"2","[30mâ”€â”€ [1mConflicts[22m â”€â”€â”€â”€â”€â”€â”€â”€â”€â”€â”€â”€â”€â”€â”€â”€â”€â”€â”€â”€â”€â”€â”€â”€â”€â”€â”€â”€â”€â”€â”€â”€â”€â”€â”€â”€â”€â”€â”€â”€â”€â”€â”€â”€â”€â”€â”€â”€â”€â”€â”€â”€â”€â”€â”€â”€â”€ tidymodels_conflicts() â”€â”€
[31mâœ–[30m [34mscales[30m::[32mdiscard()[30m     masks [34mpurrr[30m::discard()
[31mâœ–[30m [34mmagrittr[30m::[32mextract()[30m   masks [34mtidyr[30m::extract()
[31mâœ–[30m [34mdplyr[30m::[32mfilter()[30m       masks [34mstats[30m::filter()
[31mâœ–[30m [34mrecipes[30m::[32mfixed()[30m      masks [34mstringr[30m::fixed()
[31mâœ–[30m [34mdplyr[30m::[32mlag()[30m          masks [34mstats[30m::lag()
[31mâœ–[30m [34mmagrittr[30m::[32mset_names()[30m masks [34mpurrr[30m::set_names()
[31mâœ–[30m [34myardstick[30m::[32mspec()[30m     masks [34mreadr[30m::spec()
[31mâœ–[30m [34mrecipes[30m::[32mstep()[30m       masks [34mstats[30m::step()
[34mâ€¢[30m Search for functions across packages at [32mhttps://www.tidymodels.org/find/[30m[39m
"
"0","library(cowplot)"
"2","Warning: package â€˜cowplotâ€™ was built under R version 4.2.3"
"0","library(modelr)"
"2","
Attaching package: â€˜modelrâ€™

"
"2","The following objects are masked from â€˜package:yardstickâ€™:

    mae, mape, rmse

"
"2","The following object is masked from â€˜package:broomâ€™:

    bootstrap

"
