"","V1"
"1","MEG_1"
"2","MEG_2"
"3","MEG_3"
"4","MEG_4"
"5","MEG_5"
"6","MEG_6"
"7","MEG_7"
"8","MEG_8"
"9","MEG_9"
"10","MEG_10"
"11","MEG_11"
"12","MEG_12"
"13","MEG_411"
"14","MEG_412"
"15","MEG_413"
"16","MEG_414"
"17","MEG_1187"
"18","MEG_1197"
"19","MEG_1490"
"20","MEG_1594"
"21","MEG_1595"
"22","MEG_1596"
"23","MEG_1597"
"24","MEG_1598"
"25","MEG_1599"
"26","MEG_1600"
"27","MEG_1601"
"28","MEG_1602"
"29","MEG_1603"
"30","MEG_1604"
"31","MEG_1605"
"32","MEG_1606"
"33","MEG_1607"
"34","MEG_1608"
"35","MEG_1609"
"36","MEG_1610"
"37","MEG_1611"
"38","MEG_1612"
"39","MEG_1613"
"40","MEG_1614"
"41","MEG_1615"
"42","MEG_1616"
"43","MEG_1617"
"44","MEG_1618"
"45","MEG_1619"
"46","MEG_1620"
"47","MEG_1621"
"48","MEG_1622"
"49","MEG_1623"
"50","MEG_1624"
"51","MEG_1625"
"52","MEG_1626"
"53","MEG_1627"
"54","MEG_1628"
"55","MEG_1629"
"56","MEG_1630"
"57","MEG_1631"
"58","MEG_1632"
"59","MEG_1642"
"60","MEG_1730"
"61","MEG_1731"
"62","MEG_1732"
"63","MEG_2572"
"64","MEG_2573"
"65","MEG_2615"
"66","MEG_2616"
"67","MEG_2617"
"68","MEG_2618"
"69","MEG_2619"
"70","MEG_2620"
"71","MEG_2621"
"72","MEG_2622"
"73","MEG_2623"
"74","MEG_2624"
"75","MEG_2625"
"76","MEG_2626"
"77","MEG_2627"
"78","MEG_2628"
"79","MEG_2629"
"80","MEG_2630"
"81","MEG_2631"
"82","MEG_2632"
"83","MEG_2633"
"84","MEG_2634"
"85","MEG_2635"
"86","MEG_2636"
"87","MEG_2637"
"88","MEG_2638"
"89","MEG_2639"
"90","MEG_2640"
"91","MEG_2641"
"92","MEG_2642"
"93","MEG_2643"
"94","MEG_2644"
"95","MEG_2645"
"96","MEG_2646"
"97","MEG_2647"
"98","MEG_2693"
"99","MEG_2694"
"100","MEG_2709"
"101","MEG_2710"
"102","MEG_2711"
"103","MEG_2712"
"104","MEG_2713"
"105","MEG_2866"
"106","MEG_2873"
"107","MEG_2933"
"108","MEG_2934"
"109","MEG_2935"
"110","MEG_2936"
"111","MEG_2937"
"112","MEG_2938"
"113","MEG_2939"
"114","MEG_2940"
"115","MEG_2941"
"116","MEG_2942"
"117","MEG_2943"
"118","MEG_2944"
"119","MEG_2945"
"120","MEG_2946"
"121","MEG_2947"
"122","MEG_2948"
"123","MEG_2949"
"124","MEG_2950"
"125","MEG_2951"
"126","MEG_2952"
"127","MEG_2953"
"128","MEG_2954"
"129","MEG_2955"
"130","MEG_2956"
"131","MEG_2957"
"132","MEG_2958"
"133","MEG_2959"
"134","MEG_2960"
"135","MEG_2961"
"136","MEG_2962"
"137","MEG_2963"
"138","MEG_2964"
"139","MEG_2965"
"140","MEG_2966"
"141","MEG_2967"
"142","MEG_2968"
"143","MEG_2969"
"144","MEG_2970"
"145","MEG_2971"
"146","MEG_2972"
"147","MEG_3065"
"148","MEG_3071"
"149","MEG_3135"
"150","MEG_3143"
"151","MEG_3144"
"152","MEG_3175"
"153","MEG_3176"
"154","MEG_3177"
"155","MEG_3178"
"156","MEG_3179"
"157","MEG_3180"
"158","MEG_3181"
"159","MEG_3182"
"160","MEG_3183"
"161","MEG_3184"
"162","MEG_3185"
"163","MEG_3186"
"164","MEG_3187"
"165","MEG_3188"
"166","MEG_3189"
"167","MEG_3190"
"168","MEG_3191"
"169","MEG_3192"
"170","MEG_3193"
"171","MEG_3194"
"172","MEG_3195"
"173","MEG_3196"
"174","MEG_3197"
"175","MEG_3198"
"176","MEG_3199"
"177","MEG_3200"
"178","MEG_3201"
"179","MEG_3202"
"180","MEG_3203"
"181","MEG_3204"
"182","MEG_3205"
"183","MEG_3206"
"184","MEG_3207"
"185","MEG_3208"
"186","MEG_3209"
"187","MEG_3210"
"188","MEG_3211"
"189","MEG_3212"
"190","MEG_3213"
"191","MEG_3214"
"192","MEG_3215"
"193","MEG_3216"
"194","MEG_3217"
"195","MEG_3218"
"196","MEG_3219"
"197","MEG_3220"
"198","MEG_3221"
"199","MEG_3222"
"200","MEG_3223"
"201","MEG_3224"
"202","MEG_3225"
"203","MEG_3226"
"204","MEG_3227"
"205","MEG_3228"
"206","MEG_3229"
"207","MEG_3230"
"208","MEG_3231"
"209","MEG_3232"
"210","MEG_3233"
"211","MEG_3234"
"212","MEG_3235"
"213","MEG_3236"
"214","MEG_3237"
"215","MEG_3238"
"216","MEG_3239"
"217","MEG_3240"
"218","MEG_3241"
"219","MEG_3242"
"220","MEG_3243"
"221","MEG_3244"
"222","MEG_3245"
"223","MEG_3246"
"224","MEG_3247"
"225","MEG_3248"
"226","MEG_3249"
"227","MEG_3250"
"228","MEG_3251"
"229","MEG_3296"
"230","MEG_3429"
"231","MEG_3430"
"232","MEG_3431"
"233","MEG_3432"
"234","MEG_3445"
"235","MEG_3446"
"236","MEG_3586"
"237","MEG_3587"
"238","MEG_3588"
"239","MEG_3589"
"240","MEG_3590"
"241","MEG_3591"
"242","MEG_3594"
"243","MEG_3626"
"244","MEG_3627"
"245","MEG_3740"
"246","MEG_3831"
"247","MEG_3931"
"248","MEG_3932"
"249","MEG_3933"
"250","MEG_3941"
"251","MEG_3975"
"252","MEG_3976"
"253","MEG_3977"
"254","MEG_3978"
"255","MEG_3979"
"256","MEG_3980"
"257","MEG_3981"
"258","MEG_3982"
"259","MEG_3983"
"260","MEG_3984"
"261","MEG_3985"
"262","MEG_3986"
"263","MEG_3987"
"264","MEG_3988"
"265","MEG_3989"
"266","MEG_3990"
"267","MEG_3991"
"268","MEG_3992"
"269","MEG_3993"
"270","MEG_3994"
"271","MEG_4057"
"272","MEG_4087"
"273","MEG_4088"
"274","MEG_4092"
"275","MEG_4093"
"276","MEG_4094"
"277","MEG_4095"
"278","MEG_4096"
"279","MEG_4097"
"280","MEG_4109"
"281","MEG_4110"
"282","MEG_4130"
"283","MEG_4131"
"284","MEG_4132"
"285","MEG_4161"
"286","MEG_4223"
"287","MEG_4279"
"288","MEG_4280"
"289","MEG_4281"
"290","MEG_4282"
"291","MEG_4286"
"292","MEG_4287"
"293","MEG_4288"
"294","MEG_4289"
"295","MEG_4296"
"296","MEG_5322"
"297","MEG_5323"
"298","MEG_5325"
"299","MEG_5326"
"300","MEG_5327"
"301","MEG_5328"
"302","MEG_5329"
"303","MEG_5330"
"304","MEG_5331"
"305","MEG_5332"
"306","MEG_5333"
"307","MEG_5334"
"308","MEG_5335"
"309","MEG_5336"
"310","MEG_5337"
"311","MEG_5338"
"312","MEG_5339"
"313","MEG_5340"
"314","MEG_5341"
"315","MEG_5342"
"316","MEG_5343"
"317","MEG_5344"
"318","MEG_5345"
"319","MEG_5346"
"320","MEG_5347"
"321","MEG_5348"
"322","MEG_5349"
"323","MEG_5350"
"324","MEG_5351"
"325","MEG_5352"
"326","MEG_5353"
"327","MEG_5354"
"328","MEG_5355"
"329","MEG_5356"
"330","MEG_5357"
"331","MEG_5358"
"332","MEG_5359"
"333","MEG_5360"
"334","MEG_5361"
"335","MEG_5362"
"336","MEG_5363"
"337","MEG_5364"
"338","MEG_5365"
"339","MEG_5366"
"340","MEG_5367"
"341","MEG_5368"
"342","MEG_5369"
"343","MEG_5370"
"344","MEG_5371"
"345","MEG_5372"
"346","MEG_5373"
"347","MEG_5374"
"348","MEG_5375"
"349","MEG_5376"
"350","MEG_5377"
"351","MEG_5378"
"352","MEG_5379"
"353","MEG_5380"
"354","MEG_5381"
"355","MEG_5382"
"356","MEG_5383"
"357","MEG_5384"
"358","MEG_5385"
"359","MEG_5386"
"360","MEG_5387"
"361","MEG_5388"
"362","MEG_5389"
"363","MEG_5390"
"364","MEG_5391"
"365","MEG_5392"
"366","MEG_5393"
"367","MEG_5394"
"368","MEG_5395"
"369","MEG_5399"
"370","MEG_5401"
"371","MEG_5405"
"372","MEG_5406"
"373","MEG_5407"
"374","MEG_5408"
"375","MEG_5779"
"376","MEG_5780"
"377","MEG_5781"
"378","MEG_5782"
"379","MEG_5783"
"380","MEG_5784"
"381","MEG_5785"
"382","MEG_5803"
"383","MEG_5808"
"384","MEG_5819"
"385","MEG_6045"
"386","MEG_6046"
"387","MEG_6055"
"388","MEG_6090"
"389","MEG_6091"
"390","MEG_6092"
"391","MEG_6093"
"392","MEG_6094"
"393","MEG_6095"
"394","MEG_6096"
"395","MEG_6097"
"396","MEG_6098"
"397","MEG_6099"
"398","MEG_6100"
"399","MEG_6101"
"400","MEG_6102"
"401","MEG_6103"
"402","MEG_6104"
"403","MEG_6105"
"404","MEG_6106"
"405","MEG_6107"
"406","MEG_6108"
"407","MEG_6109"
"408","MEG_6110"
"409","MEG_6111"
"410","MEG_6112"
"411","MEG_6113"
"412","MEG_6114"
"413","MEG_6115"
"414","MEG_6116"
"415","MEG_6117"
"416","MEG_6118"
"417","MEG_6119"
"418","MEG_6120"
"419","MEG_6121"
"420","MEG_6122"
"421","MEG_6123"
"422","MEG_6124"
"423","MEG_6125"
"424","MEG_6126"
"425","MEG_6127"
"426","MEG_6128"
"427","MEG_6129"
"428","MEG_6130"
"429","MEG_6131"
"430","MEG_6132"
"431","MEG_6133"
"432","MEG_6134"
"433","MEG_6135"
"434","MEG_6136"
"435","MEG_6138"
"436","MEG_6139"
"437","MEG_6142"
"438","MEG_6143"
"439","MEG_6144"
"440","MEG_6145"
"441","MEG_6146"
"442","MEG_6147"
"443","MEG_6548"
"444","MEG_6552"
"445","MEG_6963"
"446","MEG_6964"
"447","MEG_7185"
"448","MEG_7186"
"449","MEG_7187"
"450","MEG_7188"
"451","MEG_7189"
"452","MEG_7190"
"453","MEG_7191"
"454","MEG_7192"
"455","MEG_7193"
"456","MEG_7194"
"457","MEG_7195"
"458","MEG_7196"
"459","MEG_7197"
"460","MEG_7250"
"461","MEG_7258"
"462","MEG_7259"
"463","MEG_7301"
"464","MEG_7302"
"465","MEG_7303"
"466","MEG_7304"
"467","MEG_7305"
"468","MEG_7306"
"469","MEG_7307"
"470","MEG_7308"
"471","MEG_7309"
"472","MEG_7310"
"473","MEG_7311"
"474","MEG_7312"
"475","MEG_7313"
"476","MEG_7314"
"477","MEG_7315"
"478","MEG_7316"
"479","MEG_7317"
"480","MEG_7318"
"481","MEG_7319"
"482","MEG_7320"
"483","MEG_7321"
"484","MEG_7329"
"485","MEG_7330"
"486","MEG_7333"
"487","MEG_7806"
"488","MEG_7840"
"489","MEG_7843"
"490","MEG_8147"
"491","MEG_8677"
"492","MEG_8145"
"493","MEG_8461"
"494","MEG_8249"
"495","MEG_7974"
"496","MEG_8445"
"497","MEG_8634"
"498","MEG_8672"
"499","MEG_7884"
"500","MEG_8144"
"501","MEG_8151"
"502","MEG_8289"
"503","MEG_8290"
"504","MEG_8447"
"505","MEG_8659"
"506","MEG_8678"
"507","MEG_8687"
"508","MEG_7971"
"509","MEG_7973"
"510","MEG_8078"
"511","MEG_8079"
"512","MEG_8084"
"513","MEG_8085"
"514","MEG_8157"
"515","MEG_8171"
"516","MEG_8275"
"517","MEG_8444"
"518","MEG_8636"
"519","MEG_8670"
"520","MEG_8675"
"521","MEG_8679"
"522","MEG_8680"
"523","MEG_8720"
"524","MEG_8250"
"525","MEG_8251"
"526","MEG_8252"
"527","MEG_8253"
"528","MEG_8234"
"529","MEG_8263"
"530","MEG_8264"
"531","MEG_8624"
"532","MEG_8632"
"533","MEG_8453"
"534","MEG_8637"
"535","MEG_8676"
"536","MEG_8073"
"537","MEG_8074"
"538","MEG_8242"
"539","MEG_7883"
"540","MEG_8146"
"541","MEG_8150"
"542","MEG_8446"
"543","MEG_8449"
"544","MEG_8635"
"545","MEG_8070"
"546","MEG_8100"
"547","MEG_8142"
"548","MEG_8143"
"549","MEG_8456"
"550","MEG_8459"
"551","MEG_8460"
"552","MEG_8450"
"553","MEG_8153"
"554","MEG_8287"
"555","MEG_8448"
"556","MEG_8257"
"557","MEG_8086"
"558","MEG_8154"
"559","MEG_8148"
"560","MEG_8455"
"561","MEG_8633"
"562","MEG_8723"
"563","MEG_8149"
"564","MEG_8152"
"565","MEG_8458"
"566","MEG_8457"
"567","MEG_8454"
"568","MEG_8101"
"569","MEG_8673"
"570","MEG_8671"
"571","MEG_8254"
"572","MEG_8443"
